sentence,keyword,true_level,label_a,label_b
"Sind aber nach diesen beiden Entscheidungen die Einzelregelungen des § 4 Abs. 5 Nr. 1 und Nr. 2 Satz 2 EStG 1975 Spezialregelungen nur für Betriebsausgaben , die auf Werbungskosten nicht entsprechend übertragbar sind , so muß das gleiche auch für die Generalnorm des § 4 Abs. 5 Nr. 7 EStG 1980 gelten , die über die Einzelregelung des § 4 Abs. 5 Nr. 1 [bis] 6 EStG hinaus den Abzug von Aufwendungen als Betriebsausgaben generell verbietet , die die Lebensführung des Steuerpflichtigen oder anderer Personen berühren , soweit sie nach allgemeiner Verkehrsauffassung als unangemessen anzusehen sind .",bis,4,3,4
"Aber ich glaube , man sollte darüber hinweg sehen , wenn man die Tatsache berücksichtigt , dass das zum ersten Mal auf Betreiben der Bundesrepublik Deutschland , [auf Betreiben] von Außenminister Fischer stattgefunden hat , dass man bei den Vereinten Nationen diesen Gedenktag auch dementsprechend darstellt .",auf betreiben,3,3,2
"Denn sie hat mit der materialistischen Seelenauffassung ebensowenig etwas zu tun , wie mit der intellektualistischen-spiritualistischen , die beide doch nur die teils rassisch , teils philosophisch geschichtlich bedingte Abwandlung der Auffassung sind , daß Geist und Seele oder Geist oder Seele als übernatürliche Wesen sich in das natürliche Gebilde des Leibes senken oder von Gott in ein Gefängnis gesenkt werden und daher als Fremdlinge im Leibe und in der Natur höchstens durch wunderbare Zugiffe Gottes ihre Kräfte frei entfalten können , im übrigen aber [durch] den Leib nur behindert , geschädigt , gezwungen oder gefälscht werden .",durch,4,4,3
"Diese Aussage steht [im Widerspruch zu] den Ausführungen von Dr. Werner Schnappauf , der zwei Fälle ( 1998 und 2001 ) aufführt , in denen der Füllstand im Flutbehälter so deutlich vom Sollwert abwich , dass dies zu einer Meldung auf der Warte führte .",im widerspruch zu/im widerspruch mit,1,4,3
"Fontanes scharfe Ablehnung der bildungsbürgerlichen , kulturnationalen Vereinnahmung steht dabei [im Kontrast zu] seiner stillen Goethe-Lektüre , die die Literatur als schützenden Fluchtraum vor den Widrigkeiten des Lebens versteht [ .",im kontrast zu,1,3,2
"Er hatte sich in Lauranna verliebt , und als sie von anderen Außerirdischen ermordet wurde , versteckte er [zur Erinnerung an] sie ihr funkelndes Armband - das Licht von Zartha - entgegen Zs Anweisung in der Wohnung der Wurm-Aliens .",zur erinnerung an,1,3,2
"Den Projektträgern kommt es jedoch darauf an , nicht nur Schreckensszenarien vergangener Kriege [aus dem Blickwinkel] von Kindern zu dokumentieren , sondern es geht ihnen im wesentlichen darum , die Bilder zum Ausgangspunkt für ein verstärktes Nachdenken über zivile Konfliktlösungsmöglichkeiten einzusetzen .",aus dem blickwinkel,1,3,3
"Für keinen Staat passt das Wort Platos , dass jede musikalische Umwälzung auch eine politische Veränderung im Staat bedeutete , so gut wie für Sparta , das seit der Eroberung Kretas 100 v. Chr. die kretische Form des Chorgesanges in Weihelieder [zu Ehren] Apollos und in Waffenlieder der Jugend umwandelte und das Jugenderziehung und Militärordnung ganz unter den Einfluss der Musik stellte .",zu ehren,3,4,3
"Die Machtmittel , die das Grundgesetz dem norwegischen Könige zur Verfügung stellt , um ihn instand zu setzen , nach seiner Überzeugung das Wohl des Landes zu fördern , sind nicht größer , als daß sie für die Königsgewalt bewahrt werden müssen , damit nicht ein [gegen] die Grundsätze der Verfassung streitender konstituioneller Gebraauch eingeführt werde , etwas , was nach der ausdrücklichen Vorschrift in § 112 nicht einmal durch Veränderung des Grundgesetzes - das wichtigste - ist , daß Norwegen eine verfassungsmäßige Monarchie sein soll .",gegen,4,3,2
"Hätten wir eine faire Justiz , in der alle Menschen vor dem Gesetz gleich sind , wie Art. 3 Abs. 1 GG es fordert , dann wäre schon vor vielen Jahren durch ein Gericht zu prüfen gewesen , [ob] hier der Tatbestand des § 176 Strafgesetzbuch ( StGB ) vorliegt , also der sexuelle Mißbrauch von Kindern , und wäre das Gericht zu dieser Auffassung gekommen , hätte es Cohn-Bendit zu bis zu fünf Jahren Haft oder einer Geldstrafe verurteilen müssen , ganz so , wie es Michael Jackson jetzt nach amerikanischem Recht droht .",ob,4,3,3
"Wer Ausstellungen auf der Bonner Museumsmeile besuchen und die Beethovenstadt am Rhein erkunden möchte , kann eine Museumspauschale buchen , die Eintrittskarte , eine Übernachtung mit Frühstück im Standard-Hotel und ein Bonn-Info-Paket [zum Preis] ab 44 Euro ( pro Person im Doppelzimmer ) offeriert .",zum preis,2,3,2
"Die Konzeption einer Frau durch Essen einer Frucht oder Pflanze ist ein beliebtes Motiv im Märchen , und ich erinnere wiederum an die Frauen der Aborigines , die von den Männern Essen überreicht bekommen und sich dadurch [in Erwartung] fühlen .",in erwartung,2,3,2
"Es ist festzustellen , dass eine Regelung wie die Verpackungsverordnung , die die Einführung eines Pfand- und Rücknahmesystems von einer ökologisch gewiss vorteilhaften Wiederverwendungsquote der Verpackungen abhängig macht , dem Grundsatz der Verhältnismäßigkeit nur dann entspricht , wenn sie neben der Schaffung eines Anreizes zur Wiederverwendung der Verpackungen den betroffenen Herstellern und Vertreibern eine angemessene Übergangsfrist bietet , um sich ihr anzupassen , und sicherstellt , dass sich [im Zeitpunkt] der Umstellung des Systems der Bewirtschaftung von Verpackungsabfall alle betroffenen Hersteller und Vertreiber tatsächlich an einem arbeitsfähigen System beteiligen können .",im zeitpunkt,3,4,3
"Die Europäische Union hat im November 2000 eine Richtlinie zur Gleichbehandlung in Beschäftigung und Beruf [ohne Ansehen] der ethnischen Herkunft , der Religion oder Weltanschauung , Behinderung , des Alters und der sexuellen Ausrichtung beschlossen .",ohne ansehen,3,4,3
"Verf. schildert auf Grund persönlicher Kenntnis von Land und Leuten und unter Benutzung eines weitschichtigen gedruckten und ungedruckten Schrifttums in feinsinniger und stets die großen allgemeinen Zusammenhänge berücksichtigender Weise das alte Brauchtum des Mönchguter Fischers und Bauern sowie die Landschaft , Geschichte und Sage dieser Halbinsel und kommt dabei zu dem interessanten Ergebnis , daß dieses Brauchtum [im Gegensatz zu] der bisherigen Ansicht die stärksten Beziehungen zum übrigen Rügen und darüber hinaus auch zur gegenüberliegenden Festlandsküste aufweist .",im gegensatz zu,1,3,3
"Der Bundesgerichtshof habe zwar entschieden , eine Benachteiligung der Gläubiger könne bereits darin liegen , daß die als Kredit dem Gemeinschuldner zur Verfügung stehenden Mittel für eine inkongruente Befriedigung verbraucht und nicht in anderer Weise [zum Nutzen] seines Geschäftsbetriebs verwendet worden seien .",zum nutzen,3,3,2
"Die Betroffenen Führungskräfte nehmen , unter anderem , eine beaufsichtigende Rolle in Hinsicht auf die gesetzlich vorgeschriebenen Einreichungen und Vorlagen des Unternehmens sowie [in Hinsicht auf] andere öffentliche Kommunikationsvorgänge , die das allgemeine Geschäft , Betriebsergebnisse , die Finanzsituation und die Aussichten des Unternehmens betreffen , wahr .",in hinsicht auf,1,3,2
"Auch die [zur Erinnerung an] den Tod von Norbert Zongo geplanten Veranstaltungen wurden untersagt , beispielsweise das Internationale Festival für Meinungs- und Pressefreiheit , und 50 Teilnehmer , die aus Ghana anreisen wollten , wurden an der Einreise gehindert .",zur erinnerung an,1,3,2
"Der ärztlichen oder zahnärztlichen Stelle sind die Unterlagen [auf Verlangen] vorzulegen , die diese zur Erfüllung ihrer Aufgaben nach den Absätzen 1 und 2 benötigt , insbesondere Röntgenbilder , Angaben zur Höhe der Strahlenexposition , zur Röntgeneinrichtung , zu den sonstigen verwendeten Geräten und Ausrüstungen und zur Anwendung des § 23 .",auf verlangen,3,4,3
"Er hat nämlich [in Gemeinschaft mit] den übrigen Mitgliedern des italienischen Nationalkomitees jetzt von London aus die Anleihe von 10 Mill. frs. , die die römische Konstituante bewilligt hatte , in Aktien von 100 frs. ausgeschrieben , und zwar geradezu , um Waffen und Kriegsbedarf anzuschaffen .",in gemeinschaft mit,1,3,3
"Von vielen Leuten hört man oft , daß die Tiere ja extra dafür gezüchtet werden und sonst überhaupt nicht leben würden , aber wenn man sich mal vorstellt , daß sie ihr ganzes Leben weder die Sonne noch eine Weide zu Gesicht bekommen , daß sie einfach nur in einem Stall [vor] sich hindämmern , in dem das Futter auf einem Fließband an ihnen vorbeiläuft , würde ich sagen , daß jedes einzelne von ihnen besser dran wäre , wenn es gar nicht erst leben würde .",vor,4,4,3
"Da von dort aus alle geplanten Gipfel direkt erreicht werden können , bietet sich für uns der strategische Vorteil , dass wir direkt vor Ort aufgrund der Verhältnisse am Berg sowie [in Abhängigkeit von] der Wetterlage und unseres Akklimatisationsstandes entscheiden können , in welcher Reihenfolge wir die Berge besteigen .",in abhängigkeit von,1,4,2
"Nur [in Abhängigkeit von] einer Zustimmung der Ortsbehörden durften Kirchengemeinden noch den enteigneten Kirchenbesitz zu gottesdienstlichen Zwecken nutzen - eigentlich unentgeltlich , doch wurden vielfach besondere Steuern dafür erhoben , was die nun völlig verarmten Gemeinden zum Verzicht auf gottesdienstliche Handlungen und das kirchlich-religiöse Leben überhaupt zwingen sollte .",in abhängigkeit von,1,4,2
"Sollten im Streitfall tatsächlich auch solche Fälle von Tafelgeschäften erfasst sein , in denen sich ein Anfangsverdacht nicht begründen lässt , so stände es den davon betroffenen Bankkunden im Übrigen frei , in Person gegen die von der Steuerfahndung beabsichtigten Maßnahmen [nach den Grundsätzen] der Senatsentscheidung in BFHE 192 , 44 = BStBl II 2000 , 643 vorzugehen .",nach den grundsätzen,2,4,3
"Oder genauer gesagt , sie werden nur noch [vom Standpunkt aus] bedacht , wie sie möglichst wirkungsvoll unterdrückt werden können : Millionen demonstrieren gegen Krieg - er findet trotzdem statt .",vom standpunkt aus,1,3,3
"Der Name ihres Spiels muss lauten Nummer unerschütterliche Loyalität zu Nummer 1 , [unter der Bedingung] , dass die Worte von Scharons Berater Dov Weisglass , nach denen die Abkoppelung vom Gazastreifen kein erster Schritt , sondern ein Schritt zur Einfrierung des politischen Prozesses ist , nicht der Wahrheit entsprechen .",unter der bedingung,1,3,3
"Die Kultusministerkonferenz knüpfte aber auch an eine Länderzusammenarbeit [auf dem Gebiet] des Schul- und Hochschulwesens an , die bis 1933 , vor dem Regime des Nationalsozialismus , sowohl in der Weimarer Republik wie auch im Kaiserreich und in Ansätzen sogar schon zwischen den deutschen Territorialstaaten in der ersten Hälfte des 19. Jahrhunderts stattgefunden hatte , allerdings an Intensität und Wirksamkeit nicht an die spätere Tätigkeit der Kultusministerkonferenz in der Bundesrepublik Deutschland heranreichte .",auf dem gebiet,1,4,2
"Getragen werden die Mißverständnisse v.a. aus den von Kulturpolitik , Jugendforschung und Pädagogik entwickelten Konzepten der 70er Jahre , die [vor dem Hintergrund] der seit den 50er Jahren sich entfaltenden jugendkulturellen Phänomene davon ausgingen , daß bestimmte Formen populärer Musik als Bestandteil jugend- und subkultureller Zusammenhänge ein soziales Widerstandpotential aufweisen , daß im aktiven Umgang mit ihr mobilisiert werden kann .",auf dem hintergrund/vor dem hintergrund,1,3,3
"Wer Schulden angehäuft hat , braucht Hilfe , damit er sich wieder aus eigener Kraft unterhalten kann und nicht [in Abhängigkeit von] Gläubigern oder dem Staat leben muss , sagte Ruhenstroth-Bauer bei der Tagung Überschuldung privater Haushalte der Gesellschaft für sozialen Fortschritt in Kooperation mit der Friedrich-Ebert-Stiftung heute in Berlin .",in abhängigkeit von,1,3,2
"Aber [seit] Ende des Zweiten Weltkrieges sind wieder 35 Jahre vergangen und immer noch kann keine Rede davon sein , daß die politischen und ökonomischen Zustände in der Sowjetunion und in den osteuropäischen Staaten , die nach ihrer Befreiung von der faschistischen Unterdrückung und der Verjagung der Naziarmeen durch die siegreiche rote Armee den gleichen Weg einschlugen , bei den Arbeitern und Bauern in den großen kapitalistischen Zentren Begeisterung und Zustimmung erwecken .",seit,4,4,3
Die beabsichtigte Streichung von bis zu einem Drittel der bisher zur Verfügung stehenden Lehrerstunden und die geplante Anhebung der Schülerzahlen in Klassen mit gemeinsamem Unterricht stehe [im Widerspruch zu] notwendigen Ausweitung von Integrationsangeboten und sei ein Angriff auf das Recht der Eltern auf freie Schulwahl .,im widerspruch zu/im widerspruch mit,1,3,2
"Es dauerte einige Zeit , bis er die Antwort erfuhr und seither weiß , daß der Marmorkopf mit den langen Haaren nicht die polnische Schriftstellerin Maria Dabrowska darstellt , was alle Schüler glaubten , weil die Schule ihren Namen trägt , sondern den Schweizer Pädagogen Johann Heinrich Pestalozzi , dem [zu Ehren] der rote Klinkerbau 1904 errichtet wurde .",zu ehren,3,3,2
"Bei der Veranstaltung dieser Organisation wollte ursprünglich noch der Landrat Karl Heißmeyer ( SPD ) das Grußwort halten , zog aber am 03. Oktober unter dem ständig wachsenden Druck , unter anderem auch [aus den Reihen] der SPD und dem immer größer werdenden öffentlichen Interesse seinen Auftritt zurück .",aus den reihen,2,4,3
"Recht auf Auskunft über die zu seiner Person gespeicherten Daten , Recht auf Berichtigung , wenn die Daten unrichtig gespeichert sind , Recht auf Sperrung , wenn er die Richtigkeit bestreitet und sich weder die Richtigkeit noch die Unrichtigkeit feststellen läßt , Recht auf Löschung , insbesondere wenn die Speicherung unzulässig war , Recht auf Folgenbeseitigung , Recht auf Widerspruch [gegen] die Verarbeitung seiner personenbezogenen Daten , Recht auf Schadensersatz , das Recht , sich an den Bundesbeauftragten bzw. den jeweils zuständigen Landesbeauftragten für den Datenschutz zu wenden , wenn er der Ansicht ist , bei der Verarbeitung seiner personenbezogenen Daten in seinen Rechten verletzt zu sein .",gegen,4,3,3
"Heute nacht werde ich dies Augenglas noch als Lorgnon auf meinem Herzen tragen , aber mit dem ersten Morgenrot des Tages , an welchem ich dich mein Weib nennen darf , werde ich es auf meine Nase setzen - um es in der wenig schönen , aber zweckmäßigen Form einer Brille [zu Ehren] meiner Angebeteten zu tragen .",zu ehren,3,3,2
"Seine ersten prompten und sofort den Sachkenner verratenden politischen Berichte ( 774 ) bestätigen die in dem Laubertschen Buche über ihn vertretene Auffassung , daß er nicht der wilde Germanisator gewesen ist , als der er vielfach hingestellt wird , sondern ein human und gerecht denkender Mann , der auch die damals der Regierung wohlwollende Haltung der polnischen Bauern [im Gegensatz zu] der unsicheren der adligen Gutsbesitzer sofort klar erkannte .",im gegensatz zu,1,3,3
"Verehrte Kolleginnen und Kollegen , ich bin darauf aufmerksam gemacht worden , dass es im Augenblick des Wechsels in der Sitzungsleitung einen Zuruf [aus den Reihen] der Koalition an den Redner gegeben habe , den ich nicht gehört habe , den ich aber beanstanden müsste , wenn er tatsächlich so gefallen wäre .",aus den reihen,2,3,3
"[Im Kontrast zu] Bondys ernsthaft-heiterer Art , hatte Schmidts Benehmen , das mich sonst regelmäßig entzückt , unversehens etwas Abgeschmacktes , Maschenhaftes an sich und war insofern dem Auftritt der Frau Berben gar nicht so schrecklich unähnlich .",im kontrast zu,1,3,2
"[Aus dem Blickwinkel] eines informierten Investors wurden dabei erstmalig nicht nur die nach Aktiengesetz öffentlich abzugebende Entsprechenserklärung , welche die Einhaltung der sog. Soll-Empfehlungen des Deutschen Corporate Governance Kodex ( DCGK ) enthalten , sondern auch die Erfüllung der sog. Sollte-Anregungen einbezogen .",aus dem blickwinkel,1,4,3
"Wie den ersten Aussagen des Beschuldigten Mousli zu entnehmen ist , wurde er offensichtlich über die Regelungen des Kronzeugengesetzes belehrt und er scheint zumindest einen Teil der Aussagen [in Erwartung] der Anwendung dieses Gesetzes gemacht zu haben .",in erwartung,2,3,3
"Nach alledem ist auf die dritte Frage zu antworten , dass Artikel 7 Absatz 4 Buchstabe a erster Gedankenstrich der Verordnung dahin auszulegen ist , dass die zuständige Behörde am Versandort bei der Prüfung der Auswirkungen der beabsichtigten Verwertung am Bestimmungsort auf die Gesundheit und die Umwelt [unter Beachtung] des Grundsatzes der Verhältnismäßigkeit die im Versandstaat , zur Vermeidung solcher Auswirkungen , für die Abfallverwertung geltenden Standards zugrunde legen darf , um einer Abfallverbringung zu widersprechen , auch wenn diese Standards höher sind als die im Bestimmungsstaat geltenden .",unter beachtung,3,3,2
Für das Auswärtsspiel am kommenden Samstag ( 26. Februar ) in der Kölnarena gegen den VfL Gummersbach sind in der THW-Geschäftsstelle noch wenige Tickets [zum Preis] von 14 Euro pro Stück erhältlich - An- und Abreisekosten sind in dem Preis nicht enthalten .,zum preis,2,3,2
"Die Klägerin ist der Ansicht , die Globalzession zugunsten der I.-Bank sei gemäß § 138 BGB bzw. § 9 AGBG [nach den Grundsätzen] der Rechtsprechung zur Kollision einer Globalzession mit einem verlängerten Eigentumsvorbehalt , die auch auf den vorliegenden Fall der Kollision einer Globalzession mit Sicherungsabtretungen im Rahmen von Vermietungen anwendbar seien , unwirksam .",nach den grundsätzen,2,3,3
"Allein die Verweildauer in den ersten zwei Jahren zu dehnen oder zu beschleunigen , widerspricht dem Gedanken des gemeinsamen Lernens und wird [aus dem Blickwinkel] einer fiktiven homogenen Gruppe betrachtet , die auch in der Grundschule so nicht vorhanden ist .",aus dem blickwinkel,1,3,3
"Der Nachweis des niedrigeren gemeinen Werts eines bebauten Grundstücks durch einen im gewöhnlichen Geschäftsverkehr erzielten Kaufpreis ist auch dann möglich , wenn der Kauf nicht innerhalb eines Jahres [vor] oder nach dem maßgeblichen Besteuerungszeitpunkt stattgefunden hat , aber die durch zeitlichen Abstand nachlassende Indizwirkung des Kaufpreises für den gemeinen Wert durch ein Gutachten des Gutachterausschusses , wonach der Bodenwert sich nicht geändert hat , und dadurch ausgeglichen wird , dass auch die für § 146 Abs. 2 BewG maßgebliche erzielte Jahresmiete gleich geblieben ist .",vor,4,3,3
"Auch wenn man der Auffassung des 1. Strafsenats des Bundesgerichtshofs folgte und aus § 1904 BGB herleitete , dass in Fällen der Sterbehilfe ( im weiteren Sinne ) die Zustimmung des Betreuers zur Einstellung der künstlichen Ernährung die Genehmigung des Vormundschaftsgerichts erforderte , müsste das Vormundschaftsgericht auf den Antrag des Beteiligten hin tätig werden und prüfen , [ob] die Voraussetzungen vorliegen , unter denen der Beteiligte seine Einwilligung in die Beibehaltung der Magensonde und die Fortdauer der künstlichen Ernährung des Betroffenen unterlassen darf .",ob,4,3,3
"Es ist aber bei der gebotenen generalisierenden Betrachtung kaum zu begründen , weshalb eine Deckungsgrenze von - [ohne Berücksichtigung] eines Aufschlags wegen der Kosten - 100 % typischerweise zu einer Untersicherung des Sicherungsnehmers führe , eine Deckungsgrenze von 110 % aber nicht .",ohne berücksichtigung,3,4,2
"Eine weitere Interpretation , welche diese Textstelle nahelegt , ist der mögliche Bezug Wordsworths auf das , im Verständnis der europäischen Tradition , eine Buch , welches die größte Wichtigkeit besitzt , die Bibel , so daß [durch] den Vergleich der Natur mit einem Buch ebenfalls ein Vergleich der Natur mit dem Göttlichen der Bibel vorliegt , was wiederum mit der pantheistischen Einstellung der romantischen Schriftsteller im Einklang steht , die , wie bereits erwähnt , der Meinung sind , daß Gott in allen Dingen ist .",durch,4,4,3
"Die Fabrikanten waren natürlich gegen die Auswanderung der Arbeiter , einesteils weil sie [in Erwartung] beßrer Zeiten für die Baumwollindustrie sich die Mittel zur Hand erhalten wollten , um ihre Fabrik in der vorteilhaftesten Weise zu betreiben .",in erwartung,2,3,2
"Da vom Anlegemanöver noch ein kleiner Einschlag am Ruder übriggeblieben war , beschrieb die Yacht nun einen leichten Bogen bei ihrer Fahrt zurück ins Hafenbecken und dieser reichte eben hin , um den Bug der Yacht in eine Kollision mit dem glücklicher Weise recht stabilen Bugspriet unserer Unity zu verwickeln , worauf der cholerische Gatte an der Ankerwinsch plötzlich alle Hände voll zu tun hatte , nicht das Gleichgewicht zu verlieren und gleichzeitig sein Boot wieder von unserem frei zu bekommen - [gegen] die voll wirkenden Kräfte der eigenen Maschine .",gegen,4,3,2
"Sind die Mitglieder der im Personalrat vertretenen Gruppen teils [nach den Grundsätzen] der Verhältniswahl , teils im Wege der Personenwahl gewählt worden , sind bei weiteren Freistellungen die Gruppen entsprechend der Zahl ihrer Mitglieder nach dem Höchstzahlverfahren zu berücksichtigen , innerhalb der Gruppen bestimmen sich die weiteren Freistellungen in diesem Fall je nach Wahlverfahren in entsprechender Anwendung des Satzes 3 und nach Satz 4.",nach den grundsätzen,2,4,3
"Es war in zahlreichen Ländern nicht gelungen , die Faschisten an der Machteroberung zu hindern , aber es ist gelungen , den faschistischen Block zu besiegen , die Okkupanten zu vertreiben , das faschistische Großdeutsche Reich zur bedingungslosen Kapitulation zu zwingen , die faschistischen Apparate zu zerschlagen und einen demokratischen Aufbruch einzuleiten , die befreiten Länder auf neue verfassungsrechtliche Grundlagen zu stellen , wichtige antifaschistische Prinzipien in den völkerrechtlichen Verträgen zur Gestaltung der Nachkriegsordnung zu verankern und erstmals in der Menschheitsgeschichte Hauptkriegsverbrecher und weitere Verbrecher [gegen] Frieden und Menschlichkeit durch internationale oder nationale Gerichtshöfe zu verurteilen und zu bestrafen .",gegen,4,3,4
"Hier war bereits 1866 [auf Betreiben] Dünkelbergs eine geodätisch-kulturtechnische Ausbildung entstanden , denn Dünkelberg hielt einen besonderen Beruf - den Kulturtechniker - für erforderlich , um bei Meliorationen die technischen und die landwirtschaftlichen Belange enger miteinander zu verbinden und die Maßnahmen in erster Linie auf ihren Nutzen für die Landwirtschaft auszurichten .",auf betreiben,3,3,2
"Die genannte Entscheidung des 9. Senats ist auf dem Gebiet des Soldatenversorgungsrechts ergangen , und die von ihm entschiedene Rechtsfrage betrifft die Auslegung des § 81 Abs1 und 4 Satz 1 Nr2 des Soldatenversorgungsgesetzes ( SVG ) , während die Entscheidung des erkennenden Senats [auf dem Gebiet] der gesetzlichen Unfallversiche­rung ergeht und die Auslegung des § 8 Abs 1 und 2 Nr 1 SGB VII betrifft .",auf dem gebiet,1,3,3
"In diesem Zusammenhang haben wir bei jeder Gelegenheit und auf allen Ebenen betont , dass eine Umsetzung der EU-Mitgliedschaft der zyperngriechischen Administration negative Auswirkungen auf den Frieden haben und eine Störung der Ruhe sowohl auf der Insel als auch in der östlichen Mittelmeerregion nach sich ziehen werde und dass die Türkei es auf Grund ihrer historischen und vertraglich festgestgelegten Rechte und Interessen dies nicht akzeptieren und keinen Kompromis [in Hinsicht auf] Zypern eingehen würde und die Antwort der Türkei auf eine derartige Entwicklung unbegrenzt sei .",in hinsicht auf,1,3,3
"Artikel 62 ( Ausgaben vor Verabschiedung des Haushalts ) ( 1 ) Ist der Haushaltsplan nicht vor Beginn eines Haushaltsjahres durch Gesetz festgestellt worden , so ist die Landesregierung [bis] zum Inkrafttreten des Gesetzes ermächtigt , alle Ausgaben zu leisten oder Verpflichtungen einzugehen , die nötig sind , 1. um gesetzlich bestehende Einrichtungen zu erhalten und gesetzlich beschlossene Maßnahmen durchzuführen , 2. um die rechtlich begründeten Verpflichtungen des Landes zu erfüllen sowie 3. um Bauten , Beschaffungen und sonstige Leistungen fortzusetzen oder Beihilfen für diese Zwecke weiter zu gewähren , sofern durch den Haushaltsplan eines Vorjahres bereits Beträge bewilligt worden sind .",bis,4,4,3
"[In Erwartung] der heutigen Rede Premierminister Blairs vor dem Europäischen Parlament , in der dieser das Programm seiner am 1. Juli beginnenden Ratspräsidentschaft vorgestellt hat , befasst sich vor allem die britische Presse heute wieder mit den Chancen und Schwierigkeiten , denen sich Tony Blair im kommenden Halbjahr gegenübersehen wird .",in erwartung,2,4,3
"Es kam zu einer größeren Emigrationsbewegung , die sich in erster Linie [aus den Reihen] der politischen Linken zusammensetzte , zugleich aber eine Reihe von jungen Männern und Frauen erfaßte , die mit der Schließung der Universitäten keine Chance mehr für ihre berufliche Zukunft im Iran sahen .",aus den reihen,2,3,3
"Wenn Hellboy mal wieder [aus der Reihe] tanzt , stellt er sich schützend vor ihn und verteidigt ihn auch standhaft gegen die Kritik des bürokratischen FBI-Chefs Tom Manning ( JEFFREY TAMBOR ) , dem die Eskapaden seines roten Monsterjägers ein entschiedener Dorn im Auge sind .",in der reihe/aus der reihe,1,3,3
"Liebe Kolleginnen und Kollegen , liebe Freunde , wenn wir schreiten Seit an Seit für eine menschliche Gesellschaft , für Arbeit und soziale Gerechtigkeit , für ein Land , in dem die Schwachen Schutz erfahren , für eine Gesellschaft , die solidarisch ist mit den Arbeitslosen , für eine Politik , die den jungen Menschen Zukunftschancen gibt , statt ihr Leben zu versauen , wenn wir also schreiten [Seit] an Seit , dann können wir es schaffen .",seit,4,4,3
"Im Rahmen seiner weiteren Erläuterungen der Stellungnahme betont Professor Dr. Müller , daß die BU bisher nicht in Fachbereiche gegliedert sei , daß sie aber vom Ministerium die Auflage bekommen habe , dies in irgendeiner Form zu tun , wobei man nun [in Erwartung] der Hochschulgesetznovelle überlege , ob es überhaupt sinnvoll sei , Fachbereichsgliederungen anzustreben .",in erwartung,2,3,2
"Das Körperliche und Animalische dieser Skulptur stehen [im Kontrast zu] ihrer tänzerischen Form und zeigen , wie schwer es ist , Kultur mit Natur , also mit den ursprünglichen Instinkten zu verbinden .",im kontrast zu,1,3,3
"Nach der dem Anlagebogen beigefügten Definition nahm der begrenzt risikobereite Anleger Erfolgsschwankungen und mögliche Kursverluste in Kauf , er strebte aber keine Kursgewinnmaximierung [zum Preis] erhöhter Verlustgefahr an , während der spekulative Anleger für die Kursgewinnmaximierung Erfolgsschwankungen und Verluste in Kauf nahm .",zum preis,2,3,3
"Seither ist die Geschichte ungezählte Male wiederholt worden , in ungezählten Büchern , in denen ganze intergalaktische Imperien nichts besser zu tun haben , als ausgerechnet die Erde zu überfallen , in Verfilmungen , angefangen von einer schauerlichen fünfziger-Jahre-Verfilmung des Kriegs der Welten , in denen der Held , der gutaussehende Wissenschaftler , zusammen mit der Heldin , dem unbedarften Mädchen , in einem Gotteshaus vor den Attacken der Außerirdischen Schutz suchen , Vorgänge und Personen , von denen die Vorlage glücklicherweise nichts weiß , [bis] zu Roland Emmerichs Effekteorgie , die noch nicht einmal darin originell ist , wie sie die Angreifer scheitern läßt , denn ein Virus spielt schon bei Wells eine entscheidende Rolle .",bis,4,4,3
"Vor kurzem hat der Harvard-Professor Samuel Huntington eine Kontroverse ausgelöst , weil er behauptete , allein schon das Ausmass der Einwanderung aus dem spanisch sprechenden Raum ( [ohne Berücksichtigung] der Einwanderung aus Ost- und Südasien ) bedrohe bereits den Fortbestand der kulturellen und politischen Werte , welche die amerikanische Gesellschaft geprägt haben .",ohne berücksichtigung,3,3,2
"Mir geht es so , wenn ich Künstler reden höre über die Vierte Dimension oder Schwarze Löcher , mir kommt es so vor , dass diese Wörter in dem Künstler Assoziationen wecken , die für ihn etwas bedeuten , was er dann eventuell umsetzen kann in Bilder , [ob] allerdings diese Wörter , die bei ihm Vorstellungen hervorrufen , ob diese Wörter in ihrem Inhalt irgendetwas zu tun haben mit der Bedeutung dieser Wörter in der Physik , das bleibt völlig offen .",ob,4,3,2
"Die Autoren der arabischen Berichte bestimmen ihren Begriff instrumenteller Freiheit als Mittel und Ziel menschlicher Entwicklung durch ein Bündel von mehreren interdependenten Essentials , welche angefangen von der Ebene politischer Selbstbestimmung und der Bedeutung demokratischer Grundrechte , politischer Transparenz und politischer Partizipation in allen gesellschaftlichen Sphären , über die Eröffnung individueller ökonomischer Möglichkeiten im Kontext offener wirtschaftlicher Systeme , [bis] hin zur Sicherung sozialer Chancen durch eine entsprechende Gestaltung der gesellschaftlichen Erziehungs- , Bildungs- und Genderpolitik , durch die Orientierung an sozialer Sicherheit und an der ökologischen Verträglichkeit von Entwicklungsprozessen im Sinne einer nachhaltigen Entwicklung reichen .",bis,4,3,3
"Obwohl der Herr voll Gnade und Wahrheit gekommen war , schwächte Er nie die Bedeutung des Gesetzes ab und gab dem Fragenden sofort die Summe des Gesetzes und seinen wesentlichen Inhalt in seinen beiden Teilen an , und zwar [in Hinsicht auf] Gott und auf den Menschen .",in hinsicht auf,1,3,3
"Aber Irland hat aufgehört , der Markt zu sein , der [auf Verlangen] Englands hin den Bedarf an Arbeitskräften decken kann , und die Fabrikanten müssen nun in den Grafschaften im Süden und Westen Englands nach Familien Ausschau halten , die durch die jetzigen Löhne in den nördlichen Grafschaften verlockt werden könnten , auf einem neuen Arbeitsfeld zu beginnen .",auf verlangen,3,3,2
"Er ist eine Vereinigung der Freunde und Förderer der Universität Hohenheim und hat nach seiner Satzung die Aufgabe , die Freunde und Förderer der Universität zu sammeln , Forschung , Lehre und Studium zu fördern , stetige Fühlung mit der Praxis zu halten und [in Gemeinschaft mit] interessierten Kreisen aus Wirtschaft und Gesellschaft die Universität bei der Lösung ihrer Aufgaben und Probleme zu unterstützen .",in gemeinschaft mit,1,3,3
"Aber - auch das gilt es in einer solchen Debatte einmal klar zu machen - sie haben so viel für Wohlstand und soziale Sicherheit geleistet , dass die Beleidigungen , die man gelegentlich [aus den Reihen] von CDU / CSU und FDP hört , eine geschichtslose Unverschämtheit sind .",aus den reihen,2,4,3
"Obgleich man nun solchen eiteln Leuten nicht schmeicheln soll , so hat doch auch nicht jeder Beruf , sie zu bessern , zum Pädagogen an ihnen zu werden , besonders nicht an solchen Menschen , die mit ihm in gar keiner Verbindung stehen , ihnen auf ungeschliffene Art den Text lesen , sie zu demütigen oder weniger Höflichkeit und Gefälligkeit [gegen] sie zu üben , als man jedem andern widmen würde , und es ist unbillig , wenn diejenigen , welche täglich mit ihnen leben müssen , dies von uns verlangen , wenn sie fordern , daß wir mit Hand anlegen sollen , ihre verzogenen Freunde umzubilden .",gegen,4,3,3
"Durch solche Bewegungen der Sonne im weiten Ätherraum wird auf ihrer atmosphärischen Oberfläche eine außerordentlich große elektrische Wirkung bewerkstelligt , und ihr Lichtglanz ist daher in einem sehr erhöhten Grade ( dasselbe ) , was das Leuchten eures Blitzes ist , nur mit dem Unterschied , daß auf der Luftoberfläche der Sonne die außerordentliche Entwicklung des Blitzes eine ununterbrochene ist , während auf dieser Erde sich der Blitz nur hie und da [durch] größere Reibung der Luftteile in einem sehr geringen Grade entwickelt und daher allzeit nur höchst kurze Zeit leuchtet .",durch,4,3,3
"[Auf Betreiben] der USA schmiedete der Sicherheitsrat fast fünfzig Jahre nach seinem Entstehen eine neuartige und machtvolle Waffe , die in der Lage ist , eine Nation und ihre Menschen zu dämonisieren und Einzelpersonen für den Rest ihres Lebens ihrer Freiheit zu berauben , und legte sie weitgehend in die Hände der Vereinigten Staaten .",auf betreiben,3,3,4
"Der ödp habe ich mich angeschlossen , weil ich etwas für die Demokratie tun wollte , weil die etablierten Parteien schon [seit] Jahrzehnten versagen , weil größere Ehrlichkeit herrscht als in den alten Parteien , weil wir keine Geldspenden von Firmen nehmen , weil ich meinen Kinder sagen kann , dass ich einem Programm gefolgt bin , das mir am meisten zusagt , weil mein Wahlkreuz als Protest gegen die anderen Parteien gilt , weil die Demokratie bei unserer Partei noch nicht verkommen ist , weil Frau Bärenweiler eine zugkräftige KV-Vorsitzende war .",seit,4,3,2
"Eine solche liegt vor , wenn im geschäftlichen Verkehr eine wörtliche oder bildliche Bezeichnung zur Kennzeichnung einer Ware oder [in Beziehung auf] sie verwendet wird , so daß der unbefangene und flüchtige Durchschnittsabnehmer annimmt , das Zeichen diene zur Unterscheidung der so gekennzeichneten Waren von gleichen oder gleichartigen .",in beziehung auf,1,3,3
"Frühneuzeitliche Gewalt als Kennzeichen einer ungenügend zivilisierten Gesellschaft zu verstehen , ist ebenso unzutreffend wie die Annahme , die Akteure hätten allein [aus Interesse an] der Mehrung des eigenen Kapitals bzw. unter dem allgegenwärtigen Zwang zur Wahrung des eigenen Sozialprestiges gehandelt .",aus interesse an,1,4,3
"Nur dort , wo die Tarifvertragsparteien bundesweit flächendeckende Tarifvertragsstrukturen herstellen und auf Antrag [aus den Reihen] der Tarifvertragsparteien eine staatliche Allgemeinverbindlichkeitserklärung dieses Tarifvertrages erfolgt bzw. eine entsprechende Mindestlohnverordnung nach dem Arbeitnehmer-Entsendegesetz erlassen wird , soll in Anwendung des erweiterten Arbeitnehmer-Entsendegesetzes eine Rechtswirkung eintreten , d.h. diese Tarifverträge sollen auch auf grenzüberschreitende Entsendefälle erstreckt werden .",aus den reihen,2,3,2
"Ein Händler , der aus wirtschaftlichen Gründen davon absehen möchte , einen Vorführwagen aus einer weniger gefragten Modellreihe anzuschaffen , wird sich in den Verhandlungen mit der Beklagten dem kaum zu entkräftenden Argument ausgesetzt sehen , daß dies [im Widerspruch zu] der vertraglichen Absprache stehe .",im widerspruch zu/im widerspruch mit,1,3,3
"Aber wenn sie diejenigen gemeint haben sollten , denen es mit Demokratie , persönlicher Freiheit und Rechtsstaatlichkeit Ernst ist , dann kann man nicht lautstark genug erklären , dass mit solcherlei Ernst die Zugehörigkeit zu einem Klub unvereinbar ist , der eine Solidaritätsadresse an eine Regierung richtet , die [seit] ihrem Amtsantritt ein solches Ausmaß an Verachtung für Demokratie , persönliche Freiheit und Rechtsstaatlichkeit an den Tag gelegt hat , dass gerade die Freunde des Mutterlandes der modernen Demokratie , dessen Symbol die Freiheitsstatue ist , sich nur mit Schaudern abwenden können .",seit,4,3,2
"[Vor] diesem Hintergrund fordert die Bürgerschaft den Senat auf , die bisherigen Pläne des Senats , die Beruflichen Schulen Hamburgs an eine wirtschaftsnahe Stiftung oder vergleichbare wirtschaftsnahe Trägerkonstruktion zu übertragen aufzugeben , eine Stärken-Schwächen-Analyse der dualen Ausbildung sowie der schulischen Angebote der beruflichen Bildung durchzuführen , die als Grundlage für die zukünftige Entwicklung der beruflichen Schulen in Hamburg dient , einen umfassenden und eigenständigen Bildungsauftrag der Beruflichen Schulen zu definieren und im Schulgesetz zu verankern , gemeinsam mit den Beruflichen Schulen , den Kammern , Innungen und Wirtschaftsverbänden , den Gewerkschaften und anderen wichtigen gesellschaftlichen Experten a .",vor,4,3,2
"Nur dort , wo die Tarifvertragsparteien bundesweit flächendeckende Tarifvertragsstrukturen herstellen und auf Antrag [aus den Reihen] der Tarifvertragsparteien eine staatliche Allgemeinverbindlicherklärung dieses Tarifvertrages erfolgt bzw. eine entsprechende Mindestlohnverordnung nach dem Arbeitnehmer-Entsendegesetz erlassen wird , tritt künftig gemäß § 1 Abs. 1 S. 1 AEntG eine zwingende Wirkung ein , d.h. die Tarifnormen zu Mindestlohn und Erholungsurlaub finden auch auf grenzüberschreitende Entsendefälle nach Deutschland Anwendung .",aus den reihen,2,4,3
"[Auf Betreiben] der Vereinigung der Bayerischen Wirtschaft und in Anwesenheit von Hans Spitzner , Staatssekretär im Bayerischen Staatsministerium für Wirtschaft , Verkehr und Technologie , wurde am 1. Februar 2002 vor 150 Gästen eine gemeinsame Erklärung unterzeichnet , um die breite Unterstützung des bayerischen Magnetbahn-Projektes öffentlich zu dokumentieren .",auf betreiben,3,3,2
"Die Filme von Dreamworks hingegen werden [vom Standpunkt aus] produziert , daß alle Geschichten schon erzählt sind .",vom standpunkt aus,1,3,2
"Unterstellt , der Beklagte hat das Notebook [zum Preis] von 4.778,00 DM zuzüglich Versandkosten selbst bei der Internet-Auktion angeboten , wäre spätestens durch die von ihm an den Kläger geschickte e-mail mit der Bestätigung der Ersteigerung ein Kaufvertrag zustande gekommen .",zum preis,2,3,3
"Es sind nicht so sehr die blutigen Folterszenen , die das Herz des Zuschauers ergreifen , sondern die zärtliche Liebe , die [im Kontrast zu] dem Hass der Soldaten und der Gleichgültigkeit der Menge , buchstäblich zu Tränen rührt .",im kontrast zu,1,3,3
"Da bereits die Zurückführung der geltend gemachten Fahrleistung auf ein angemessenes Maß zu dem Ergebnis führt , daß die beim Kläger anerkannte außergewöhnliche Belastung nicht zu niedrig angesetzt worden ist , braucht der Senat nicht dazu Stellung zu nehmen , [ob] es überhaupt zugelassen werden kann , daß die Kfz-Kosten für zwei im Veranlagungszeitraum benutzte PKW in der Weise berechnet werden , daß sie für den größeren und teureren Wagen konkret ermittelt und für den kleineren Wagen mit den Pauschbeträgen angesetzt werden .",ob,4,4,3
"Indem Joachim Gauck im Mai 2004 dabei half , die Gedenkstätte für die Opfer der NS-Militärjustiz in Torgau in eine solche umzuwandeln , die der Totalitarismusthese anhängt und damit den Faschismus verharmlost , half er , die Gedenkstättenkonzeption der sächsischen CDU genannt Sächsische Gedenkstätten [zur Erinnerung an] die Opfer politischer Gewaltherrschaft durchzusetzen , von der sich alle Opferverbände distanziert haben , einschließlich sämtliche Gedenkstättenleitungen .",zur erinnerung an,1,3,2
"Wer etwas über Einsteins anachronistisches Frauenbild ( ebenfalls [am Rande] ) erfahren will , über sein Verhältnis zu seinen Kindern und Freunden oder seine Hobbys , muss sich wieder in den Außenbereich der Ausstellung bemühen und die entsprechenden ( roten ) "" E""-Kästen öffnen , wobei unklar bleibt , wofür das E steht : für Einstein und seine Formel oder für Einstein wie Einsamkeit .",am rande,3,3,2
"Auf der Veranstaltung , die das Institut für Chemie und Biologie des Meeres ( ICBM ) [im Auftrag] der Deutschen Forschungsgemeinschaft ( DFG ) ausrichtet , werden die Wissenschaftler die Ergebnisse der jüngsten Forschungs-fahrten des amerikanischen Bohrschiffs JOIDES RESOLUTION diskutieren , bei denen es vor allem um das Klima und die atmosphärische Kohlendioxidkonzentration in der Vergangenheit und um die weitgehend unerforschten Erdgasreserven in der Tiefsee ging .",im auftrag/im auftrage,3,3,2
"Der BGH verwies auf seine ständige Rechtsprechung , daß der Verlust oder die Vorenthaltung einer tatsächlichen oder rechtlichen Position , auf die dem Geschädigten nach der Rechtsordnung ein Anspruch nicht zustehe , keinen ersatzfähigen Schaden darstelle und auch [nach den Grundsätzen] der Aufopferung nicht zu einer Entschädigung berechtige 82.",nach den grundsätzen,2,3,3
"Bereits im Juli 1937 hatte Frau Schwalbe [auf Vorschlag] des NS-Frauenwerks Berlin den Antrag gestellt , der Schule ab Ostern 1938 ein Seminar für Haushaltspflegerinnen und Hauswirtschaftslehrerinnen angliedern zu dürfen mit der Begründung , daß es im Oberland nur konfessionelle Anstalten gebe und man diese den Töchtern Freiburgs und der Umgebung ersparen solle .",auf vorschlag,3,3,2
"Noch kurz vor dem Untergang der alt gewordenen Eidgenossenschaft taucht in Winterthur zum Schrecken der Stadtbürger eine Rotte bewaffneter Bauern mit einem Tell samt Knaben auf 47 , und in der Waadt wird gar ein Fest [zur Erinnerung an] den Bastille-Sturm , an dem ein Tell mit französischer Kokarde auftritt , von Bern mit Truppen niedergeschlagen 48.",zur erinnerung an,1,3,3
"Die Bundesregierung und die Länder befinden sich zurzeit im Abstimmungsprozess über den Gesetzentwurf zur Neuregelung des Internationalen Insolvenzrechts , dessen Anliegen es u. a. ist , Durchführungsvorschriften für die [seit] dem 31.05.2002 in Kraft getretene Verordnung ( EG ) Nr. 1346 / 2000 des Rates der EU über Insolvenzverfahren vom 29.05.2002 ( InsVO ) zu schaffen sowie das bislang in der deutschen Insolvenzordnung in Art. 102 EGInsO nur lückenhaft geregelte deutsche Internationale Insolvenzrecht im Sinne der InsVO neu zu regeln .",seit,4,3,3
"Niemand wußte von seinem Vergehen , das nur in den Augen des Pfarrers eines war , und wenn er sich nur verhielt wie alle anderen , mitmachte , nicht [aus der Reihe] tanzte und sein Geheimnis - die empfundene Lust - für sich behielt , würde nichts passieren .",in der reihe/aus der reihe,1,3,2
"[Vor] und während des Studiums berät und informiert die Berufsberatung für Abiturienten und Studierende bei der Suche Ihres persönlichen Berufs- bzw. Ausbildungszieles , bei der berufsbezogenen Spezialisierung des Studiums , sei es bei der Nebenfachwahl oder sonstiger Schwerpunktbildung , bei der Frage nach förderlichen Zusatzqualifikationen , bei der Klärung der grundsätzlich möglichen Tätigkeitsbereiche nach Abschluss eines Studiums oder einer anderen Ausbildung , bei einer möglichen Änderung des Berufszieles , bei der Klärung der beruflichen Seite eines möglichen oder vollzogenen Studienabbruchs , beim Übergang zu Ausbildungen außerhalb der Hochschule , bei Fragen der Weiterbildung , bei vorausplanenden Überlegungen , die den Schritt vom Studium zur Berufstätigkeit erleichtern sollen .",vor,4,3,3
"Sie soll dauerhaft und unabhängig von geistigen Konjunkturen die Förderung und Vertiefung der Erforschung der europäischen Expansion und ihrer Wirkungen auf Außereuropa sowie Rückwirkungen auf Europa selbst zu stabilisieren suchen und das Anliegen besonders in der Öffentlichkeit vertreten , sie soll weiter die Diskussion um neue Forschungsansätze und neue Forschungsergebnisse beleben und die Ergebnisse in unser Geschichtsbild , das gerade [seit] der Wende von 1989 in einem unvertretbaren Maß eine nationale und eurozentrische Neuprägung erfährt , integrieren .",seit,4,3,4
"Es stellt eine sachlich gerechtfertigte Ungleichbehandlung dar , wenn ein Hersteller eines Markenparfums , der seine Ware über ein selektives Vertriebssystem vertreibt , einerseits seinen Depositären den Verkauf über das Internet [unter der Bedingung] gestattet , dass die Internetumsätze nicht mehr als die Hälfte der im stationären Handel erzielten Umsätze ausmachen , und andererseits Händler von der Belieferung ausschließt , die ausschließlich über das Internet verkaufen .",unter der bedingung,1,3,2
"Abschließend lässt sich sagen , dass sich der Aufwand für diese Veranstaltung ( 22 Stunden Zugfahrt an 2 Tagen für 2 Tage Seminar ) insofern gelohnt hat , als es zum einen für unsere Partnerschule ganz wichtig war , dass wir Präsenz gezeigt haben und zum andern habe ich einige Kontakte zu anderen niedersächsischen Schulen , aber auch zur NLPB geknüpft , deren Erfahrung [auf dem Gebiet] der Partnerschaft mit Breslau wir eventuell einmal positiv nutzen können .",auf dem gebiet,1,3,2
"Wir veranstalten eine ganze Festwoche , so ausgelassen sind wir , mit Konzerten und Theatern , einem Tag der Offenen Tür , einem Musik- und Theaterfestival der Schulen , mit Tanz und Schulfest , aber auch mit Veranstaltungen zum Besinnen und Nachdenken wie einem Symposion zur Werteerziehung , einem Bericht zum Schutz bedrohter Völker von Rüdiger Nehberg und einer Ausstellung zur Geschichte der Schule , die manches verschollen Geglaubte zu Tage gefördert hat und [vor] allem für die Zeit des Nationalsozialismus einige Überraschungen bereit hält .",vor,4,3,3
"Besteht mithin die von der Finanzverwaltung angenommene unwiderlegliche Vermutung nicht , so ist es revisionsrechtlich nicht zu beanstanden , wenn das FG seine Entscheidung darauf gestützt hat , dass zwischen den Gesellschaftern und ihren Söhnen keinerlei bindenden Anweisungen oder Abmachungen bestanden , die [im Zeitpunkt] des Geldzugangs die freie Verfügbarkeit über die geschenkten Beträge hätten hindern können .",im zeitpunkt,3,4,2
"Die scharfe Prägnanz der Putzkanten [im Kontrast zu] den abgerundeten Fensterlaibungen , das Wechselspiel von heller Putzfläche , dunklem Klinkersockel und blauen Fensterhölzern , zeigen die intensive Auseinandersetzung des Architekten mit dem Einzeldetail .",im kontrast zu,1,3,3
"Nur wenn ein breiter gesellschaftlicher Diskurs über die Gefahren und Grenzen der Gentechnik , die Probleme selektiver Medizin wie bei der Präimplantationsdiagnostik , die humangenetische Beratung und die Frage der Zulassung der Tötung [auf Verlangen] geführt wird , können berechtigte Ängste behinderter Menschen vor der Relativierung ihres Lebensrechtes abgebaut werden .",auf verlangen,3,4,3
"Alleine die Verweildauer in den ersten zwei Jahren zu dehnen oder zu beschleunigen , widerspricht dem Gedanken des gemeinsamen Lernens und wird [aus dem Blickwinkel] einer fiktiven homogenen Gruppe betrachtet , die auch in der Grundschule so nicht vorhanden ist .",aus dem blickwinkel,1,3,2
"Der Einzige , dem es nicht um seine Einzigkeit , sondern um den höheren Lohn zu tun ist , könnte ja sonst seine Einzigkeit in den Kleiderschrank verschließen und der Gesellschaft [zum Trotz] sich damit begnügen , den gewöhnlichen Menschen und sich selbst damit einen Possen zu spielen .",zum trotz,3,3,2
"Diese Kurzfassung des neuen Romans von Arnon Grünberg mag nicht sonderlich aufregend klingen , doch dahinter verbirgt sich ein witziges , temporeiches und zugleich melancholisches Psychogramm des Hedonisten Mehlmann , der sich immer tiefer in Schulden und [in Abhängigkeit von] seinen insgesamt drei Frauen stürzt .",in abhängigkeit von,1,4,2
"Im Gegenteil denke ich , daß die Häufung der sehr kurzen Absätze mit ständigem Wechsel des Kohärenzträgers den Aufbau eines solchen globalen Gesamtkonzeptes stört , denn spätestens an dieser Stelle verharrt der Leser [in Erwartung] der Erklärung der logischen Zusammenhänge der einzelnen Handlungen und eines die Spannung auflösenden Ereignisses .",in erwartung,2,4,2
"Gern treibt sie sich zum Beispiel auf dem Markt im Dorf herum , wo durchziehende Gaukler , Scholare und Scharlatane [zum Preis] von einem Ei oder zwei Möhren Karten legen , geografische oder historische Fragen beantworten oder einem sogar die Grundregeln des Lesens und Schreibens beibringen .",zum preis,2,3,3
"Insbesondere die [durch] eine entsprechende Urkunde belegte Tatsache , dass die S.-Bank am 30. September 1981 - also jedenfalls zeitlich deutlich nach dem letzten Gesellschafterbeschluss über die Änderung des Treuhandvertrages - eine Bürgschaft bis zu einem Höchstbetrag von 15.420.000 DM für die den Anlegern nach Ausübung der Verkaufsoption zustehenden Auseinandersetzungsansprüche abgegeben hatte , lässt nach Ansicht des Senats die betreffende Würdigung des FG nicht nur möglich , sondern eher geboten erscheinen , da die kostenträchtige Inanspruchnahme einer solchen Bürgschaft wirtschaftlich nur dann Sinn machte , wenn entsprechende Ansprüche bestanden .",durch,4,3,3
"Sie erbeuten Tiere nicht allein [in Abhängigkeit von] ihrer Dichte , sondern bevorzugen zum Beispiel bestimmte Altersklassen , etwa die ganz jungen oder die ganz alten oder solche , von denen für uns nicht sichtbare Signale ausgehen , etwa Verletzte oder solche , die gegen die erwähnte Norm verstoßen .",in abhängigkeit von,1,4,3
"Und obgleich die Liste aus den genannten Gründen als äußerst unvollständig zu bezeichnen ist , sollte sich jeder Historiker und jede Historikerin schon [aus Interesse an] der Geschichte der eigenen Disziplin einmal mit diesen auseinandergesetzt haben .",aus interesse an,1,3,2
"Sie teilte dem Kläger mit Schreiben vom 20. Oktober 1999 mit , daß sie das Fahrzeug [zum Preis] von netto 100.000 DM verkaufen könne , und setzte ihm eine Frist bis zum 3. November 1999 , binnen deren er einen Käufer benennen könne , der das Fahrzeug zu einem höheren Preis kaufe .",zum preis,2,3,2
"Dabei verlangen die Ermittlung der Daten und die Überprüfung ihrer Richtigkeit [im Zeitpunkt] der Erstellung der Datenbank von demjenigen , der die Datenbank erstellt , zwar grundsätzlich nicht , dass er besondere Mittel einsetzt , da es sich um Daten handelt , die er erzeugt hat und die ihm zur Verfügung stehen , die Zusammenstellung dieser Daten , ihre systematische oder methodische Anordnung innerhalb der Datenbank , die Organisation ihrer individuellen Zugänglichkeit und die Überprüfung ihrer Richtigkeit während des gesamten Zeitraums des Betriebes der Datenbank können aber eine in quantitativer und / oder qualitativer Hinsicht wesentliche Investition im Sinne von Artikel 7 Absatz 1 der Richtlinie erfordern .",im zeitpunkt,3,4,3
"Dass die Menschen , denen es noch etwas besser geht , weil sie noch Arbeit haben , die Schlagworte der Politik , der Wirtschaft und der Wissenschaft , die fast ausschließlich [im Auftrag] der Wirtschaft arbeitet , übernehmen , ohne zu überdenken , dass auch sie schon morgen auf der Seite der Verlierer stehen können , weil kein Job mehr sicher ist .",im auftrag/im auftrage,3,3,2
"in Kariologie und Endodontologie theoretisch und praktisch seine Vertrautheit mit diesen Fächern nachzuweisen und dabei am Kranken mindestens vier verschiedene Füllungen , eine Wurzelkanalbehandlung sowie eine endodontische Behandlung selbst auszuführen , 2. in Parodontologie theoretisch und praktisch nachzuweisen , dass er mit der Beurteilung eines Krankheitsfalles auf diesem Gebiet wie auch mit der Planung und den Methoden der Behandlung einer Parodontopathie vertraut ist , 3. in Kinderzahnheilkunde seine Kenntnisse [auf dem Gebiet] der Kinderzahnheilkunde sowie der oralen Primärprophylaxe nachzuweisen .",auf dem gebiet,1,4,3
"Bei der Entscheidung der Frage , [ob] der Kläger den Nutzungswert der seinem Vater überlassenen Wohnung als dauernde Last bei seinen Sonderausgaben abziehen darf , geht der Senat entsprechend den tatsächlichen Feststellungen des FG , gegen die das FA keine zulässigen Revisionsangriffe erhoben hat , davon aus , daß der Vater die von ihm bereits früher genutzte Wohnung im 1. Stock des Hauses auch nach der Vermögensübertragung genutzt hat , wie es in § 3 des Vertrages vom 9. Mai 1973 vorgesehen war .",ob,4,4,3
Nach Beendigung der Weiterbildung beschäftigte ich mich [aus Interesse an] der Sache weiter mit diesen Fragen und fand auch neues Aktenmaterial .,aus interesse an,1,3,2
"Es steht [im Kontrast zu] den abgeklärten , coolen , sehr reflektierten Sprüchen von Garfield , deren hintersinnige Wortspielereien manchmal auch erst von etwas älteren Kindern verstanden und goutiert werden können .",im kontrast zu,1,4,2
"Während die Klägerin für den gesamten Verlustausgleich die Anwendung des § 9 Abs. 2 Nr. 1 KVStG 1972 begehrte und begehrt , sah und sieht der Beklagte und Revisionsbeklagte ( das Finanzamt - FA - ) in dem Verlustausgleich eine Maßnahme i.S. des § 9 Abs. 2 Nr. 1 KVStG 1972 nur bis zu einem Betrag von rd. 30,9 Mio DM , weil der weitergehende Verlust durch in den Jahren 1976 [bis] 1980 vorgenommene Importwarenabschläge ( § 80 der Einkommensteuer-Durchführungsverordnung - EStDV - ) und Abschreibungen nach § 6 Abs. 2 des Einkommensteuergesetzes ( EStG ) entstanden sei .",bis,4,3,2
"Es soll einerseits , auf die Vergangenheit bezogen , Gedenkstätte [zur Erinnerung an] die Juden aus Zwingenberg und Umgebung werden , andererseits , mit Blick auf die Zukunft , die Begegnung zwischen Menschen unterschiedlicher Religionen , Weltanschauungen , Kulturen und Generationen fördern .",zur erinnerung an,1,3,2
"Einer der wenigen Fortschritte der inneren Reformen , die so bedeutend und sogleich umstritten waren , war die lokale Selbstverwaltung der Städte , aber sämtliche Forderungen nach politischer Freiheit , zu der Zeit überwiegend aus dem liberalen Bürgertum aber auch [aus den Reihen] des Adels , wurden nicht erfüllt .",aus den reihen,2,3,3
"Aber selbst wenn man davon ausginge , dass die Parteien eine Anpassung der Gesamtabnahmemenge im Falle einer Teilkündigung versehentlich übersehen hätten und [nach den Grundsätzen] der ergänzenden Vertragsauslegung annähme , dass sich diese ebenfalls entsprechend der Regelung zur jährlichen Mindestabsatzmenge reduzieren würde , bliebe , wie die Beklagte nicht in Abrede stellt , die zeitliche Ausschließlichkeitsbindung über 10 Jahre , die sich nicht nur auf Bier , sondern auch auf alle nichtalkoholischen Getränke bezieht , von der Teilkündigung unbeeinflusst .",nach den grundsätzen,2,3,2
"- Vor drei Tagen berichtete AP ( Associated Press ) , dass Islands Justizministerium - [in Erwartung] der Ankunft des Chinesischen Präsidenten Jiang Zemin am 12. Juni - allen Falun Gong Praktizierenden den Eintritt nach Island verweigert hat .",in erwartung,2,3,3
"Was ich behielt , lag weniger [auf dem Gebiet] der allgemeinen Bildung als auf dem Gebiet der Empfindungen , mein Wissen setzte sich zusammen aus bildmäßigen Erfahrungen , aus Erinnerungen an Leute , Stimmen , Geräusche , Bewegungen , Gesten , Rhythmen , aus Abgetastetem und Gerochenem , aus Einblicken in Räume , Straßen , Höfe , Gärten , Häfen , Arbeitsplätze , aus Schwingungen in der Luft , aus Spielen des Lichts und des Schattens , aus Regungen von Augen , Mündern und Händen .",auf dem gebiet,1,4,2
"In dieser Ordnung wurden die Juden zwar nicht als gleichberechtigte Bürger anerkannt , doch erlaubte sie die Ehe zwischen Christen und Jüdinnen , Juden und Christinnen , [unter der Bedingung] , daß die in einer solchen Ehe erzeugten Kinder in der christlichen Religion erzogen und darüber die bündigsten Versicherungen vor Gericht zu Protokolle erklärt werden .",unter der bedingung,1,3,4
"Wer sich bereit erklärt , mit den Kommunisten im Parlament zusammenzuarbeiten , wird sofort verdächtigt , daß er sich damit politisch zum Handlanger der sowjetischen Außenpolitik mache oder jedenfalls das Sowjetsystem nicht mehr grundsätzlich ablehne , was die Preisgabe der heiligsten Güter der Menschheit und einen Affront [gegen] den großen Verbündeten und Menschenfreund , nämlich die USA , bedeute , daß die heiligsten Güter der Menschheit sehr viel mit den Lebensinteressen des Dollars zu tun haben und auch dafür sorgen , daß er stets in die rechten Bahnen gelenkt wird , wurde wohl mit nicht zu überbietender Deutlichkeit aller Welt im Vietnamkrieg 205 vor Augen geführt .",gegen,4,4,3
"- In der mündlichen Verhandlung hat die Kommission jedoch die Ansicht vertreten , dass sie aufgrund des Sachverhalts des Ausgangsverfahrens , wie er sich nach den Erläuterungen darstelle , die das vorlegende Gericht [auf Ersuchen] des Gerichtshofes gegeben habe , ihre Erklärungen in diesem Punkt ergänzen müsse .",auf ersuchen,3,3,2
"Die zwei Daten im Titel wollten der Instrumentalisierung Wittes ( 1800-1883 ) und [vor] allem Dantes durch die DDR , die beide Personen 1983 in den staatlichen Feiern zu Wittes 100. Todestag erfahren hatten , eine Würdigung des Gründers der Deutschen Dante-Gesellschaft zu seinem 200. Todestag gegenüberstellen , wobei Heintze Wittes Werdegang , seinen Kontakt mit den Werken Dantes und seinen Ansatz herausarbeitete , hatte doch schon Witte gefordert , Dante aus den Fesseln der Aktualisierung zu befreien und ihn aus seiner eigenen Zeit heraus zu verstehen .",vor,4,3,2
"Hat die kontoführende Bank wegen nachhaltiger Überschreitung des der GbR gewährten Kontokorrentkredits beiden Gesellschaftern erklärt , weitere Inanspruchnahmen des Kontos nicht mehr zu tolerieren , löst sie dann aber gleichwohl zwei nur von einem Gesellschafter gezeichnete Barschecks in erheblicher Höhe ein , braucht der Mitgesellschafter diese Scheckverfügungen auch nicht [nach den Grundsätzen] der Duldungs- oder Anscheinsvollmacht gegen sich gelten zu lassen .",nach den grundsätzen,2,3,3
"Versuchen Sie mal , meinen Gedankengängen zu folgen und das Weltgeschehen [aus dem Blickwinkel] des Energieerhaltungssatzes zu betrachten , dann brauchen Sie keine Relativitätstheorie , denn die Relativität von Raum und Zeit ist Folge der Umwandlung einer Energieart in eine andere .",aus dem blickwinkel,1,4,2
"Wir sind nicht mehr [im Stadium] von Naturvölkern , die sich von jeder Begleitung , Beobachtung und eventuell therapeutischen Eingreifen fernhalten , aber auch eine totale medizinisch-technische Überwachung , Planung und Führung wird der schwangeren Frau und dem ungeborenen Kind nicht gerecht .",im stadium,3,3,2
"Mit Schreiben vom 9. Mai 1983 teilten die Kläger dem FA im Zuge einer Selbstanzeige mit , sie hätten anläßlich der Beurkundung der Erklärungen vom 18. April 1980 zusätzlich zu dem in der notariellen Urkunde bezeichneten Betrag von 539.000 DM [auf Verlangen] der Verkäuferin ein Handgeld in Höhe von 10.000 DM gezahlt .",auf verlangen,3,4,3
"Subtil entfaltet Ries nebenbei die kulturkritischen Passagen in Nietzsches Erstlingswerk und hebt hervor , dass Nietzsche die in der griechischen Tragödie einzigartig realisierte Synthese von Musik und verklärtem Mythos durch den Gegenmythos einer Vernunft , die die grundsätzliche Begreifbarkeit der Welt [durch] Wissenschaft und Ethik verkündet , gefährdet sah , weil der Moderne , so der schmerzliche Befund des Philosophen , eine Auslegungsweise des Daseins durch den Mythos fehlt und das Christentum , das ohnehin von Anfang an mit einem schweren Geburtsfehler behaftet gewesen sei , weitgehend seine Kraft eingebüßt habe .",durch,4,3,4
"Wir bekamen extra eine neue Kanne Kaffee aufgebrüht , zwei große Becher [zum Preis] von zwei kleinen , einen kostenlosen Refill und die lokale Zeitung , die eigentlich 35 Cent kostet gratis dazu - das nenn ich mal einen Service !",zum preis,2,4,3
"Wenn eine muslimische Frau in unseren Breiten aus ihrer vormals archaisch definierten Rolle so weit heraustritt , dass sie an unseren säkularen Universitäten mit Erfolg eine akademische Ausbildung durchläuft und in unserem [durch] und durch weltlichen Staat einen Vollzeitberuf ausüben und ihren Lebensunterhalt unabhängig von einem Manne verdienen möchte , ist sie doch bereits so weit emanzipiert und dem traditionellen islamischen Rollenverständnis so weit entfremdet , dass man nicht umstandslos unterstellen darf , sie wolle nun an der Schule für die reaktionäre Benachteiligung der Frauen agitieren .",durch,4,3,3
"[Im Kontrast zu] der immer wieder erfahrenen Verlogenheit und dem Zynismus der Gegenseite haben Menschen wie Marianne Fritzen das Bild des Widerstandes geprägt , sind Vorbilder geworden für andere , auch für den Widerstand anderswo .",im kontrast zu,1,4,2
"Während die Tarifvertragsparteien bei der Schwierigkeit der Tätigkeit die fachlichen Anforderungen [auf Seiten] des bearbeitenden technischen Angestellten im Auge haben , stellen sie bei der Bedeutung des Aufgabengebietes auf die Auswirkungen der Tätigkeit ab , die begrifflich mit der fachlichen Qualifikation des Angestellten nichts zu tun haben , wenngleich aus Zweckmäßigkeitsgründen in der Regel fachlich besonders qualifizierte Bedienstete mit Aufgaben beschäftigt werden , die große Tragweite haben .",auf seiten/auf seiten,3,3,2
"Es folgten weitere Entwürfe und Verhandlungen , Vertagungen und Gutachten und schließlich tendierte die Meinung der Stadtverordneten zu einer Hängebrücke , wie sie von einer Anbietergemeinschaft - darunter die Kölner Unternehmen Felten & Guilleaume und Grün & Bilfinger - [zum Preis] von 13,3 Mio RM vorgestellt wurde .",zum preis,2,4,2
"Der Workshop will für Wissenschaftler , aber auch Doktoranden und Studenten höherer Semester , eine Plattform bieten , den unterschiedlichen Funktionen von Theater im Prozess der kulturellen Verhandlungen [in der Periode] der Moderne nachzuspüren .",in der periode,1,3,3
"Dies hat zu einem Metabluff geführt , wo es - [im Gegensatz zu] der oben beschriebenen einfachen Hochstapelei - nicht die verschiedenen fragwürdigen Approximationen realer ( historischer ) Ereignisse sind , die akribisch aufpoliert und als strenge Wissenschaft präsentiert werden , sondern Gebräue aus beliebigen und oft physikalisch inkongruenten Änderungen von Modellparametern , Prozessrealisierungen , die unter den bekannten physikalischen Gesetzmäßigkeiten nicht realisierbar sein werden .",im gegensatz zu,1,3,3
"Die Globalisierung als Prozess weltweiter Verteilung und Vernetzung ökonomischer Ressourcen und Aktivitäten bietet den Unternehmen einerseits enorme Potentiale [in Hinsicht auf] Innovationsfähigkeit , Flexibilität , Kosten , Qualität und Zeit , andererseits stellt die tatsächliche Erschließung dieser Potentiale eine große Herausforderung in der unternehmerischen Realität dar .",in hinsicht auf,1,3,2
"Der Nachweis des niedrigeren gemeinen Werts eines bebauten Grundstücks durch einen im gewöhnlichen Geschäftsverkehr erzielten Kaufpreis ist auch dann möglich , wenn der Kauf nicht innerhalb eines Jahres [vor] oder nach dem maßgeblichen Besteuerungszeitpunkt statt-gefunden hat , aber die durch zeitlichen Abstand nachlassende Indizwirkung des Kaufpreises für den gemeinen Wert durch ein Gutachten des Gutachterausschusses , wonach der Bo-denwert sich nicht geändert hat , und dadurch ausgeglichen wird , dass auch die für § 146 Abs. 2 BewG maßgebliche erzielte Jahresmiete gleich geblieben ist .",vor,4,3,3
"Der Einsatz nachrichtendienstlicher Mittel ist nur zulässig , wenn er sich [gegen] Organisationen , unorganisierte Gruppen , in ihnen oder einzeln tätige Personen richtet , bei denen tatsächliche Anhaltspunkte für den Verdacht der Bestrebungen oder Tätigkeiten nach § 5 Abs. 1 bestehen , auf diese Weise Erkenntnisse über gewalttätige Bestrebungen oder geheimdienstliche Tätigkeiten gewonnen werden können , auf diese Weise die zur Erforschung von Bestrebungen oder Tätigkeiten nach § 5 Abs. 1 erforderlichen Nachrichtenzugänge geschaffen werden können oder dies zur Abschirmung der Mitarbeiterinnen und Mitarbeiter , Einrichtungen , Gegenstände und Nachrichtenzugänge des Verfassungsschutzes gegen sicherheitsgefährdende oder geheimdienstliche Tätigkeiten erforderlich ist .",gegen,4,3,3
"Es akzeptiere zwar [nach den Grundsätzen] von Treu und Glauben die im September 1997 übersandte Bürgschaftsurkunde , verlange aber eine zusätzliche Sicherheit über 90.000 DM , die hinsichtlich des Beginns und des Endes ihrer Inanspruchnahme zeitlich nicht befristet oder eingeschränkt sein dürfe und dem amtlich vorgeschriebenen Vordruck 3711 für eine Bürgschaftsurkunde entsprechen müsse .",nach den grundsätzen,2,4,2
"Sie ist [zum Preis] von 3 DM erhältlich und wird von den Buchhandlungen Lieret , Dorner , Mayr , Bücherwurm , im Kaufhaus Forum , in den Schreibwarengeschäften Heidtmann , Reichl , Eibl , Wertscheck und Demelt sowie bei der Bäckerei Nußstein und im Getränkemarkt Müller verkauft .",zum preis,2,4,2
"Sollte die Aufstellung einer Vermögenszuwachs- oder Geldverkehrsrechnung objektiv unmöglich sein , wird das FG [nach den Grundsätzen] über die objektive Beweislast ( Feststellungslast ) darüber zu entscheiden haben , wer den Nachteil dafür zu tragen hat , daß ein ungeklärter Vermögenszuwachs beim Kläger nicht festgestellt werden kann .",nach den grundsätzen,2,3,3
"Am Samstag ging es für die Reiter im Dressurviereck darum , ihr Talent unter Beweis zu stellen - in einer Dressurprüfung der Klasse L ging es darüber hinaus um Fahrkarten für die Sichtung [zum Preis] der Besten auf Gut Langfort in Langenfeld am 19. und 20. März .",zum preis,2,3,2
"Bei der Sperrung von Beweismitteln durch die Exekutive kann dies nur dann der Fall sein , wenn dem Tatrichter durch die Maßnahmen der Exekutive die Beweisgrundlage derart verkürzt wird , daß auch [unter Beachtung] der dargelegten Grundsätze vorsichtiger Beweiswürdigung und der Anwendung des Zweifelssatzes eine gerichtlich verantwortbare Überzeugungsbildung nicht mehr gewährleistet ist , die rechtsstaatlichen Anforderungen sowie der verfassungsrechtlich verbürgten Stellung der Strafgerichte genügt , den wahren Sachverhalt unbeeinflußt von Einflußnahmen der vollziehenden Gewalt zu ermitteln .",unter beachtung,3,3,2
"Hier sind wir augenblicklich in der Periode , wo die Baumwollernte von 1888 erschöpft und die von 1889 noch nicht auf dem Markt angekommen ist , also [in der Periode] , wo die Spekulation im Rohstoff die besten Aussichten hat .",in der periode,1,4,2
"Die von Sabine Gleß , Rainer Grote und Günter Heine herausgegebenen Bände behandeln [vor dem Hintergrund] der durch Art. 30 Abs. 2 EUV geschaffenen Möglichkeit einer unmittelbaren Beteiligung des Europäischen Polizeiamtes an der Durchführung strafrechtlicher Ermittlungsverfahren in den Mitgliedstaaten die Frage , welche Anforderungen an die justitielle Einbindung und Kontrolle eines mit erweiterten exekutivischen Befugnissen ausgestatteten Europäischen Polizeiamtes unter rechtsstaatlichen Gesichtspunkten zu stellen sind .",auf dem hintergrund/vor dem hintergrund,1,3,3
"Die Grünen verlangen , dass auf den Einsatz abgereicherten Urans in Zukunft weltweit nur noch im medizinischen Sektor zurückgegriffen werde , und [aus den Reihen] von Rifondazione Communista ertönt der Ruf nach einem sofortigen Rückzug italienischer Truppen von internationalen Missionen , bei denen der Einsatz militärischer Gewalt vorgesehen sei .",aus den reihen,2,3,2
"[In Erwartung] melodaramatischen Liebesgeflüsters die Taschentücher zu zücken , wäre aber etwas voreilig , denn das Publikum darf sich nicht nur auf eine ménage à trois , sondern auch auf einen handfesten Politkrimi freuen .",in erwartung,2,4,3
"Die Klägerin hat unter Zeugenbeweis gestellt , sie habe mit der Lieferantin eine Vereinbarung getroffen , daß die Kaufpreiszahlung der Klägerin an die Lieferantin in jedem Fall mit der Maßgabe erfolge , daß der Betrag nur [unter der Bedingung] verwendet werden dürfe , daß die Lieferantin ihren Kaufpreisanspruch gegen die Händlerin an die Klägerin abtrete , ihr Vorbehaltseigentum an den betreffenden Fahrzeugen an die Klägerin übertrage und alle weiteren gegenwärtigen und zukünftigen Ansprüche und Rechte aus dem jeweiligen Kaufvertrag an die Klägerin übergingen .",unter der bedingung,1,3,4
"Bei der Tatbegehung unter drohender Verwendung eines derart verletzungsgeeigneten Gegenstands kann es für die Einordnung als gefährliches Werkzeug ebenso wie beim Einsatz eines Messers nach Auffassung des Senats nicht maßgeblich darauf ankommen , [ob] sich der Täter in einer räumlichen Entfernung zu dem Opfer befindet , welche die Zufügung einer erheblichen Körperverletzung ( gerade ) noch nicht gestattet , wenn sich die von dem Werkzeug ausgehende Gefahr innerhalb kürzester Zeit und im unmittelbaren Fortgang des Geschehens tatsächlich realisieren kann , also nicht etwa weitere Vorbereitungshandlungen zur Herbeiführung der Einsatzbereitschaft erfordert .",ob,4,4,3
"Aber auch während der letzten Legislaturperiode waren die Fraktionsvorsitzenden der Mehrheitsfraktionen und der SPD nicht wenigen Anfechtungen [aus den Reihen] ihrer Fraktionen ausgesetzt , und in jüngster Zeit musste der Fraktionsvorsitzende der SPD , Peter Struck , mit seinen Vorschlägen zu einer radikalen Steuerreform erfahren , wie schnell man sich mit unabgestimmten Eigenmächtigkeiten auch in herausgehobenen Positionen gefährden kann .",aus den reihen,2,4,3
"In dieser Hinsicht waren sie ein später Ausläufer des von den englischen Romantikern betriebenen Schönheitskults , in dem sich das Aufbegehren der dichterischen Persönlichkeit [gegen] die alle edlen Werte gleichermaßen nivellierenden Errungenschaften der Zivilisation ausdrückte , und nicht zuletzt haben auch die Anschauungen des Kunst- und Kulturkritikers Walter Pater ( 1839-1894 ) , der zeit seines Lebens für eine Umgestaltung der geistigen Sphäre Englands im Sinne der ästhetischen Normen von Antike und Renaissance eintrat , die Haltung Wildes in starkem Maße mitgeprägt .",gegen,4,3,2
"Nicht das Schlussbild , sondern schon der Ablauf des Geschehens selbst kann den Zuschauer - im Wahrnehmen eines aufregenden Vorgangs - in der gewünschten Weise bewegen , wenn die das Unglück versehentlich herbeiführenden Taten selber so furchterregend sind , dass sich einem schon bei ihrer Anbahnung [in Erwartung] des Schrecklichen die Haare sträuben .",in erwartung,2,3,4
"Ich hatte von diesem neuen Heiligen erstmals vor 34 Jahren in einem flammroten Ferrari erfahren , dessen Fahrer mich von Mailand bis Bologna mitgenommen hatte und der in der Po-Ebene völlig entgeistert Gas gab , weil ihm so schleierhaft war , dass es im Sommer 1968 in Europa noch einen einzigen Studenten geben konnte , der nie von Padre Pio gehört hatte , dem größten lebenden Wohl- und Wundertäter , zu dem doch schon [seit] Jahrzehnten Menschen aus aller Welt nach Süditalien gepilgert kämen .",seit,4,3,2
"Das staatliche Risikomanagement im Vorsorgebereich lässt einen breiten Raum , der [in Abhängigkeit von] der Art und Schwere der Schadensbefürchtung von der bloßen Risikoinformation , der aktivitätsbegleitenden Risikobeobachtung , der gezielten weiteren Risikowissensgenerierung und Alternativensuche über kosteneffektive Risikominderungsmaßnahmen ( z.B. Emissionsreduzierungen nach dem Stand der Technik ) bis hin zum Verbot der Aktivität ( "" Vorsichtsprinzip""11 ) reichen kann .",in abhängigkeit von,1,4,3
Formale Operationen beziehen sich dabei nur auf die Form und die Anordnung von Zeichen und bewirken deren physische Transformation [ohne Ansehen] ihrer Bedeutung .,ohne ansehen,3,3,2
"Katar hat seine wohl wollende Haltung deutlich gemacht , indem die Handelsvertretung Israels in Doha nur vorübergehend geschlossen wurde - auf diese Weise konnten die israelischen Diplomaten [in Erwartung] besserer Zeiten im Land bleiben .",in erwartung,2,3,3
"Anis Naghash , der am ersten Attentat auf Bakhtiar beteiligt war und zur Zeit des erneuten Mordanschlags seine lebenslange Haftstrafe in Frankreich verbüßte , bestätigte im November 1991 , kurz nach der Ermordung Bakhtiars und seiner Freilassung aus französischer Haft , in einem Interview mit der iranischen Tageszeitung Bajan wiederholt seine Teilnahme am ersten Mordversuch und die Tatsache , daß Bakhtiar [im Auftrag] der IRI exekutiert worden war .",im auftrag/im auftrage,3,3,2
"Bereits im Zuge der jüngsten PZ-Berichte über die Angelegenheit war bei mehreren prominenten Mitgliedern der Noweda die Vermutung aufgekommen , die Noweda habe den Deal mit Alliance UniChem absichtlich erst kurz nach der Generalversammlung datiert , um mögliche kritische Stimmen [aus den Reihen] der Mitglieder zu umgehen .",aus den reihen,2,3,3
"Soweit der aus § 4 UKlaG aktivlegitimierte Kläger den Verstoß gegen die verbraucherschützende Vorschrift des § 6 Nr. 2 TDG zunächst dergestalt geltend gemacht hat , dass er von der Beklagten die Angabe einer Telefonnummer in ihrem Internetauftritt verlangt hat , kann offen bleiben , [ob] der Kläger stets Anspruch hierauf hätte , weil eine etwaige in der Umformulierung des Klageantrags liegende teilweise Klagerücknahme allenfalls einen geringfügigen , nicht ins Gewicht fallenden Teil des Klagebegehrens beträfe und deshalb für die Kostenentscheidung ohne Bedeutung bliebe .",ob,4,3,2
"Ähnliche Begeisterung bestand nicht nur in Jugoslawien , China und Kuba in den frühen Phasen der Revolution , sondern auch in Stalins Russland [in der Periode] des ersten Fünfjahresplans , bevor der Alptraum der Schauprozesse die Überbleibsel des Oktober in einem Meer von Blut ertränkte .",in der periode,1,3,2
""" Alles neigt dazu , uns glauben zu machen , dass es einen bestimmten Punkt [im Geist] gibt , an dem Leben und Tod , das Reale und die Imagination , Vergangenheit und Gegenwart , das Mittelbare und das Nichtmittelbare , hoch und tief nicht mehr als Gegensätze wahrgenommen werden .",im geist/im geiste,3,3,2
"Vielmehr ist [nach den Grundsätzen] der arbeitsgerichtlichen Befristungskontrolle zu prüfen , ob bereits im Zeitpunkt des Abschlusses des befristeten Arbeitsvertrages aufgrund einer sorgfältigen Prognose mit hinreichender Wahrscheinlichkeit davon auszugehen war , die Stelle werde tatsächlich während der vom Gesetzgeber eingeräumten Übergangszeit ihrer Zweckbestimmung entsprechend neu besetzt werden .",nach den grundsätzen,2,3,2
"Wenn ich mich mit Bush treffe , werde ich ihm klar machen , dass dies eine Weiterführung seiner Vision ist , und ich werde mein Bestes geben , ihn dazu zu bringen , uns bei den großen Auslagen , die diese Verlegung erfordern , zu unterstützen - obwohl die Amerikaner uns [seit] 1967 gewarnt haben , dass sie die Evakuierung der Siedlungen nicht bezahlen werden , weil sie von Anfang an gegen den Siedlungsbau waren .",seit,4,3,3
"Es kann offenbleiben , ob der Auffassung des FG zu folgen ist , daß eine widerstreitende Steuerfestsetzung nach § 174 Abs. 1 AO 1977 vorliegt und [nach den Grundsätzen] des § 110 Abs. 1 Satz 1 FGO der rechtskräftigen Heranziehung der Kaufpreisstundung zur Schenkungsteuer Bindungswirkung für den Streitfall zukommt .",nach den grundsätzen,2,3,3
"Die eheliche Liebe , in der man sich dem andern in dieser besonderen Weise schenkt , die einen so entscheidungshaften Charakter hat , in der man ein Paar bildet und sich gegenübersteht , füreinander lebt , in der man das ganze Wesen des andern in so geheimnisvoller Weise [durch] alle äußeren Hindernisse hindurch als Einheit erfaßt , besteht wesenhaft nur zwischen den zwei Typen von geistigen Personen , dem männlichen und dem weiblichen , weil nur zwischen ihnen diese innere Ergänzung möglich ist .",durch,4,3,2
